дата,код_выпуска,тип,дней_до_погашения,предложение_млн,доходность_пct,спрос_млн,размещено_млн,коэф_удовл,bid_to_cover,лет_до_погашения
2026-05-27,26230RMFS,ОФЗ-ПД,4676.0,255418.553,14.799999999999999,67460.242,34982.454,0.5185640158243132,0.26,12.8
2026-05-27,26251RMFS,ОФЗ-ПД,1554.0,180047.482,14.11,97552.522,70001.356,0.7175760766082501,0.54,4.3
2026-05-20,26252RMFS,ОФЗ-ПД,2702.0,398879.849,14.649999999999999,145132.38,101007.906,0.6959708508879962,0.36,7.4
2026-05-20,26228RMFS,ОФЗ-ПД,1421.0,185050.15600000002,13.919999999999998,109289.074,73435.813,0.6719410304455503,0.59,3.9
2026-05-13,26249RMFS,ОФЗ-ПД,2226.0,192989.685,14.35,102045.329,63892.738,0.6261211426933613,0.53,6.1
2026-05-13,26253RMFS,ОФЗ-ПД,4529.0,351498.004,14.75,56113.049,25274.285,0.45041724608477435,0.16,12.4
2026-05-06,26240RMFS,ОФЗ-ПД,3738.0,120214.07100000001,14.7,143121.759,54680.691,0.3820571475787969,1.19,10.2
2026-05-06,26235RMFS,ОФЗ-ПД,1771.0,223137.84100000001,14.14,100905.276,47823.23,0.47394181846348654,0.45,4.9
2026-04-29,26218RMFS,ОФЗ-ПД,1967.0,186612.944,14.2,107894.912,87886.546,0.814556908855906,0.58,5.4
2026-04-29,26238RMFS,ОФЗ-ПД,5495.0,191614.887,14.2,49815.715,34173.28,0.6859939679677387,0.26,15.1
2026-04-22,26254RMFS,ОФЗ-ПД,5278.0,485629.99,14.52,198762.795,99864.122,0.5024286461658983,0.41,14.5
2026-04-22,26245RMFS,ОФЗ-ПД,3444.0,327689.224,14.549999999999999,235613.436,115754.08,0.4912881114301139,0.72,9.4
2026-04-15,26244RMFS,ОФЗ-ПД,2891.0,435208.147,14.680000000000001,140062.822,72676.659,0.5188861538146076,0.32,7.9
2026-04-15,26253RMFS,ОФЗ-ПД,4557.0,481083.722,14.87,207332.296,129585.71800000001,0.6250146286905539,0.43,12.5
2026-04-08,26254RMFS,ОФЗ-ПД,5292.0,528370.511,14.860000000000001,70770.96,32870.432,0.46446214662059127,0.13,14.5
2026-04-08,26235RMFS,ОФЗ-ПД,1799.0,281105.931,14.180000000000001,106433.634,57968.09,0.5446407100973363,0.38,4.9
2026-04-01,26249RMFS,ОФЗ-ПД,2268.0,358297.128,14.549999999999999,183075.494,165307.443,0.9029468630028659,0.51,6.2
2026-04-01,26253RMFS,ОФЗ-ПД,4571.0,532092.866,14.760000000000002,82548.164,51009.144,0.6179319021559341,0.16,12.5
2026-03-25,26230RMFS,ОФЗ-ПД,4739.0,279169.69,14.469999999999999,53574.984,23751.137,0.44332513473079155,0.19,13.0
2026-03-25,26245RMFS,ОФЗ-ПД,3472.0,427723.852,14.7,144969.88,100034.628,0.6900373236150847,0.34,9.5
2026-03-18,26238RMFS,ОФЗ-ПД,5537.0,277928.202,13.750000000000002,108954.38,86313.315,0.7921968350423361,0.39,15.2
2026-03-18,26250RMFS,ОФЗ-ПД,4102.0,241661.755,14.649999999999999,172212.1,66653.56,0.3870434191325696,0.71,11.2
2026-03-11,26244RMFS,ОФЗ-ПД,2926.0,500000.0,14.82,86889.135,64791.853,0.7456841755876613,0.17,8.0
2026-03-11,26254RMFS,ОФЗ-ПД,5320.0,603244.565,14.899999999999999,92562.825,74874.054,0.808899836408407,0.15,14.6
2026-03-04,26218RMFS,ОФЗ-ПД,2023.0,250000.0,14.729999999999999,137465.069,49755.955,0.361953442877914,0.55,5.5
2026-03-04,26246RMFS,ОФЗ-ПД,3661.0,250000.0,14.860000000000001,102256.179,78084.728,0.763618675796599,0.41,10.0
2026-02-25,26252RMFS,ОФЗ-ПД,2786.0,501090.02400000003,14.760000000000002,136772.366,102210.175,0.7473013591064148,0.27,7.6
2026-02-25,26253RMFS,ОФЗ-ПД,4606.0,606077.652,14.75,104830.208,27180.05,0.25927688705911944,0.17,12.6
2026-02-18,26245RMFS,ОФЗ-ПД,3507.0,500000.0,14.75,118274.081,72276.148,0.6110903368591805,0.24,9.6
2026-02-18,26254RMFS,ОФЗ-ПД,5341.0,858391.428,14.75,289092.541,255146.863,0.8825785062368662,0.34,14.6
2026-02-11,26249RMFS,ОФЗ-ПД,2317.0,500000.0,15.25,224970.526,66031.212,0.2935105019045917,0.45,6.3
2026-02-11,26250RMFS,ОФЗ-ПД,4137.0,290122.813,15.329999999999998,80100.635,48461.058,0.6050021700826717,0.28,11.3
2026-02-04,26251RMFS,ОФЗ-ПД,1666.0,80047.482,,294005.164,0.0,0.0,3.67,4.6
2026-02-04,26253RMFS,ОФЗ-ПД,4627.0,660770.171,15.079999999999998,89744.516,22332.013,0.24883986225966162,0.14,12.7
2026-01-28,26235RMFS,ОФЗ-ПД,1869.0,100000.0,14.89,46170.585,18894.069,0.40922308001945396,0.46,5.1
2026-01-28,26254RMFS,ОФЗ-ПД,5362.0,921780.992,15.07,77644.727,59568.775,0.7671966571535502,0.08,14.7
2026-01-21,26228RMFS,ОФЗ-ПД,1540.0,100000.0,14.66,56940.644,14949.844,0.26255136840391197,0.57,4.2
2026-01-21,26230RMFS,ОФЗ-ПД,4802.0,89175.66100000001,14.71,74557.805,50860.676,0.6821643421503625,0.84,13.2
2026-01-14,26253RMFS,ОФЗ-ПД,4648.0,674231.07,14.99,44396.336,13460.899,0.30319842159947613,0.07,12.7
2026-01-14,26225RMFS,ОФЗ-ПД,3038.0,43860.598,14.799999999999999,25897.05,13651.899,0.5271603908553291,0.59,8.3
2025-12-24,26250RMFS,ОФЗ-ПД,4186.0,311085.545,14.82,31535.719,20703.332,0.6565042008396891,0.1,11.5
2025-12-24,26252RMFS,ОФЗ-ПД,2849.0,70256.918,14.93,86366.585,64576.888999999996,0.7477068706606842,1.23,7.8
2025-12-17,26251RMFS,ОФЗ-ПД,1715.0,169786.847,14.56,133059.29900000003,82309.298,0.6185910989956439,0.78,4.7
2025-12-17,26253RMFS,ОФЗ-ПД,4676.0,711089.525,14.610000000000001,59298.043,26593.824,0.44847726256328563,0.08,12.8
2025-12-10,26252RMFS,ОФЗ-ПД,2863.0,164285.935,14.81,124653.625,74636.332,0.5987497916727251,0.76,7.8
2025-12-10,26254RMFS,ОФЗ-ПД,5411.0,975373.347,14.66,84019.652,40411.255,0.48097384407162264,0.09,14.8
2025-12-03,26251RMFS,ОФЗ-ПД,1729.0,337670.362,14.899999999999999,189981.288,138615.645,0.7296278831418386,0.56,4.7
2025-12-03,26253RMFS,ОФЗ-ПД,4690.0,727327.681,14.860000000000001,34480.478,13898.156,0.40307318245414114,0.05,12.8
2025-11-26,26254RMFS,ОФЗ-ПД,5425.0,1000000.0,14.760000000000002,37609.574,21372.477,0.5682722436579579,0.04,14.9
2025-11-26,26252RMFS,ОФЗ-ПД,2877.0,277780.993,14.99,203367.944,113495.058,0.5580774224673285,0.73,7.9
2025-11-19,26253RMFS,ОФЗ-ПД,4704.0,750000.0,14.75,48359.444,20402.319,0.4218890316439535,0.06,12.9
2025-11-19,26249RMFS,ОФЗ-ПД,2401.0,131411.248,14.93,178377.48,131411.209,0.7367029122734551,1.36,6.6
2025-11-12,29029RMFS,ОФЗ-ПК,5823.0,1000000.0,0.0,1378097.138,815026.263,0.5914142338201417,1.38,16.0
2025-11-12,29028RMFS,ОФЗ-ПК,5092.0,1000000.0,0.0,1866476.909,876193.037,0.46943684798620783,1.87,14.0
2025-11-12,26252RMFS,ОФЗ-ПД,2891.0,442359.256,14.85,198567.334,164578.263,0.8288284869655348,0.45,7.9
2025-10-29,26247RMFS,ОФЗ-ПД,4942.0,24721.83,15.110000000000001,32550.939,24721.793,0.7594801796654777,1.32,13.5
2025-10-29,26249RMFS,ОФЗ-ПД,2422.0,312863.394,15.340000000000002,242899.701,99474.846,0.40953054116768967,0.78,6.6
2025-10-22,26252RMFS,ОФЗ-ПД,2912.0,500000.0,15.120000000000001,69042.303,41526.763,0.6014683925013335,0.14,8.0
2025-10-22,26250RMFS,ОФЗ-ПД,4249.0,368541.623,15.120000000000001,79184.888,56844.228,0.7178671263638082,0.21,11.6
2025-10-15,26251RMFS,ОФЗ-ПД,1778.0,500000.0,15.39,196262.705,162329.638,0.827103845328128,0.39,4.9
2025-10-15,26246RMFS,ОФЗ-ПД,3801.0,96360.105,15.39,133413.378,96360.078,0.7222669828508502,1.38,10.4
2025-10-08,26249RMFS,ОФЗ-ПД,2443.0,395365.591,15.18,112354.542,74164.697,0.6600952278368951,0.28,6.7
2025-10-08,26247RMFS,ОФЗ-ПД,4963.0,37604.489,15.229999999999999,25806.829,12882.659,0.49919573613635365,0.69,13.6
2025-10-01,26224RMFS,ОФЗ-ПД,1330.0,20600.346,14.649999999999999,33175.224,20600.342,0.6209556264036077,1.61,3.6
2025-10-01,26250RMFS,ОФЗ-ПД,4270.0,584780.482,15.2,273004.68,211071.359,0.7731419073108929,0.47,11.7
2025-09-24,26238RMFS,ОФЗ-ПД,5712.0,48020.817,14.26,25369.491,20092.615,0.791999137862088,0.53,15.6
2025-09-24,26245RMFS,ОФЗ-ПД,3654.0,64554.486,14.85,129281.60299999999,64554.461,0.49933215169060063,2.0,10.0
2025-09-17,26230RMFS,ОФЗ-ПД,4928.0,100000.0,14.41,21316.578,5371.135,0.2519698518214321,0.21,13.5
2025-09-17,26246RMFS,ОФЗ-ПД,3829.0,142664.34600000002,14.510000000000002,60250.825,38969.241,0.6467835253708145,0.42,10.5
2025-09-10,26248RMFS,ОФЗ-ПД,5362.0,65948.77,14.01,116005.939,65948.732,0.5684944457886765,1.76,14.7
2025-09-10,26249RMFS,ОФЗ-ПД,2471.0,420788.058,13.98,41767.47,21204.464,0.5076789185459402,0.1,6.8
2025-09-03,26247RMFS,ОФЗ-ПД,4998.0,187714.433,14.2,211866.052,107402.597,0.5069363212564134,1.13,13.7
2025-09-03,26225RMFS,ОФЗ-ПД,3171.0,96350.201,14.01,70379.879,52489.603,0.745804109722894,0.73,8.7
2025-08-27,26238RMFS,ОФЗ-ПД,5740.0,100000.0,13.530000000000001,62784.899,42510.183,0.6770765530736937,0.63,15.7
2025-08-27,26249RMFS,ОФЗ-ПД,2485.0,461262.53,14.04,48344.282,35274.472,0.7296513784194789,0.1,6.8
2025-08-20,26250RMFS,ОФЗ-ПД,4312.0,662463.087,13.94,101524.378,77682.605,0.7651620874742024,0.15,11.8
2025-08-20,26221RMFS,ОФЗ-ПД,2772.0,17679.519,13.68,38170.725,17679.512,0.4631694053492565,2.16,7.6
2025-08-13,26249RMFS,ОФЗ-ПД,2499.0,472354.558,13.700000000000001,17422.477,8722.028,0.5006192862243412,0.04,6.8
2025-08-13,26247RMFS,ОФЗ-ПД,5019.0,243794.054,14.11,73794.403,52011.273,0.7048132498612394,0.3,13.8
2025-08-06,26225RMFS,ОФЗ-ПД,3199.0,100000.0,14.05,7747.521,3649.799,0.47109249526396896,0.08,8.8
2025-08-06,26248RMFS,ОФЗ-ПД,5397.0,151319.10400000002,14.430000000000001,97815.443,85370.376,0.8727699163004353,0.65,14.8
2025-07-30,26228RMFS,ОФЗ-ПД,1715.0,30117.793,13.66,45913.755,30117.785,0.6559643183181163,1.52,4.7
2025-07-30,26246RMFS,ОФЗ-ПД,3878.0,328331.565,14.37,226108.081,185667.219,0.8211436680142361,0.69,10.6
2025-07-23,26247RMFS,ОФЗ-ПД,5040.0,348550.028,14.49,126112.498,81490.974,0.6461768285646042,0.36,13.8
2025-07-23,26221RMFS,ОФЗ-ПД,2800.0,43150.718,14.19,32727.345999999998,25471.199,0.7782848936177105,0.76,7.7
2025-07-16,26245RMFS,ОФЗ-ПД,3724.0,250000.0,14.649999999999999,209732.759,185445.514,0.8841990868961009,0.84,10.2
2025-07-16,26238RMFS,ОФЗ-ПД,5782.0,14604.168,14.12,29506.09,14604.146,0.49495361804969756,2.02,15.8
2025-07-09,26248RMFS,ОФЗ-ПД,5425.0,250000.0,15.03,114362.882,67992.896,0.5945363986192652,0.46,14.9
2025-07-09,26249RMFS,ОФЗ-ПД,2534.0,500000.0,14.59,50029.048,27645.442,0.5525878085867234,0.1,6.9
2025-07-02,26224RMFS,ОФЗ-ПД,1421.0,50000.0,14.330000000000002,50490.884,29399.654,0.5822764758882019,1.01,3.9
2025-07-02,26250RMFS,ОФЗ-ПД,4361.0,750000.0,15.040000000000001,123629.321,70723.913,0.5720642354737191,0.16,11.9
2025-06-25,26247RMFS,ОФЗ-ПД,5068.0,378576.343,15.229999999999999,65791.386,29116.315,0.44255512416169496,0.17,13.9
2025-06-25,26245RMFS,ОФЗ-ПД,3745.0,84114.554,15.25,130229.50599999998,84114.532,0.6458945793743548,1.55,10.3
2025-06-18,26246RMFS,ОФЗ-ПД,3920.0,217403.072,15.49,188887.498,108098.687,0.5722913805550011,0.87,10.7
2025-06-18,26218RMFS,ОФЗ-ПД,2282.0,86492.855,15.190000000000001,161004.455,86492.855,0.5372078368887371,1.86,6.3
2025-06-11,26238RMFS,ОФЗ-ПД,5817.0,26496.171,14.879999999999999,18555.427,11892.003,0.6408908294053272,0.7,15.9
2025-06-11,26245RMFS,ОФЗ-ПД,3759.0,221755.935,15.5,223132.078,137641.381,0.6168605708050636,1.01,10.3
2025-06-04,26233RMFS,ОФЗ-ПД,3696.0,100000.0,15.290000000000001,121898.707,69765.176,0.5723208860615725,1.22,10.1
2025-06-04,26248RMFS,ОФЗ-ПД,5460.0,118552.954,15.509999999999998,194651.021,118552.912,0.6090536355316626,1.64,15.0
2025-05-28,26247RMFS,ОФЗ-ПД,5096.0,249889.79,16.45,127586.312,94420.902,0.7400551087329806,0.51,14.0
2025-05-28,26224RMFS,ОФЗ-ПД,1456.0,50000.0,16.07,77005.717,49999.99,0.64930231089206,1.54,4.0
2025-05-21,26246RMFS,ОФЗ-ПД,3948.0,325002.083,16.38,186947.015,98124.011,0.5248760511099896,0.58,10.8
2025-05-21,26239RMFS,ОФЗ-ПД,2254.0,50000.0,16.05,100227.6,49956.185999999994,0.4984274391484979,2.0,6.2
2025-05-14,26248RMFS,ОФЗ-ПД,5481.0,210193.708,16.33,182373.882,91640.754,0.5024883661795387,0.87,15.0
2025-05-07,26233RMFS,ОФЗ-ПД,3724.0,100000.0,,5326.744,0.0,0.0,0.05,10.2
2025-04-30,26235RMFS,ОФЗ-ПД,2142.0,26799.26,16.09,39013.976,26799.258,0.686914299634572,1.46,5.9
2025-04-30,26246RMFS,ОФЗ-ПД,3969.0,386362.153,16.14,133885.549,54239.071,0.40511520029693426,0.35,10.9
2025-04-23,26238RMFS,ОФЗ-ПД,5866.0,43741.146,15.290000000000001,29447.842,17244.975,0.585610823366955,0.67,16.1
2025-04-23,26245RMFS,ОФЗ-ПД,3808.0,299092.348,16.03,145272.401,39586.812,0.27250056946467066,0.49,10.4
2025-04-16,26242RMFS,ОФЗ-ПД,1596.0,50000.0,16.439999999999998,68554.31,49999.997,0.7293487017811134,1.37,4.4
2025-04-16,26248RMFS,ОФЗ-ПД,5509.0,279994.312,16.12,130807.616,62113.71,0.47484781008469723,0.47,15.1
2025-04-09,52005RMFS,ОФЗ-ИН,2954.0,153339.15483013002,,3112.63750203,0.0,0.0,0.02,8.1
2025-04-09,26221RMFS,ОФЗ-ПД,2905.0,50000.0,16.400000000000002,52829.199,6849.282,0.1296495523242743,1.06,8.0
2025-04-02,26247RMFS,ОФЗ-ПД,5152.0,283049.938,15.61,71418.925,33160.148,0.4643047763600474,0.25,14.1
2025-03-26,26240RMFS,ОФЗ-ПД,4144.0,50000.0,15.160000000000002,42472.102,19465.929,0.45832271263616764,0.85,11.4
2025-03-26,26218RMFS,ОФЗ-ПД,2366.0,100000.0,15.35,21256.168,9702.145,0.45643904395185436,0.21,6.5
2025-03-19,26246RMFS,ОФЗ-ПД,4011.0,427956.208,14.85,74357.379,41594.055,0.5593803272705457,0.17,11.0
2025-03-19,26238RMFS,ОФЗ-ПД,5901.0,100000.0,14.469999999999999,87089.161,47408.854,0.5443714631720933,0.87,16.2
2025-03-12,26245RMFS,ОФЗ-ПД,3850.0,371142.087,15.35,115696.053,72049.739,0.6227501901037195,0.31,10.5
2025-03-12,26247RMFS,ОФЗ-ПД,5173.0,456534.767,15.35,234815.72,173484.829,0.7388126697820742,0.51,14.2
2025-03-05,26230RMFS,ОФЗ-ПД,5124.0,50000.0,15.559999999999999,63902.155,44231.515,0.6921756394600463,1.28,14.0
2025-03-05,26246RMFS,ОФЗ-ПД,4025.0,601706.741,16.2,312805.446,173750.533,0.5554587850749887,0.52,11.0
2025-02-26,26248RMFS,ОФЗ-ПД,5558.0,422405.993,16.5,239844.607,142411.681,0.5937664506252585,0.57,15.2
2025-02-26,26225RMFS,ОФЗ-ПД,3360.0,50000.0,15.989999999999998,84532.889,49999.991,0.5914856524068401,1.69,9.2
2025-02-19,26245RMFS,ОФЗ-ПД,3871.0,449656.982,16.54,112194.016,67824.895,0.6045321971539017,0.25,10.6
2025-02-19,26247RMFS,ОФЗ-ПД,5194.0,579403.689,16.6,186765.426,122868.922,0.6578783055917427,0.32,14.2
2025-02-12,26248RMFS,ОФЗ-ПД,5572.0,597163.575,17.14,192267.794,174757.582,0.9089280027834511,0.32,15.3
2025-02-12,26233RMFS,ОФЗ-ПД,3808.0,50000.0,16.900000000000002,153914.712,49999.978,0.3248550924748506,3.08,10.4
2025-02-05,26246RMFS,ОФЗ-ПД,4053.0,635198.192,17.5,39978.816,33474.100999999995,0.8372959569387947,0.06,11.1
2025-02-05,26228RMFS,ОФЗ-ПД,1890.0,50000.0,17.419999999999998,29661.365,12677.061,0.42739304141936824,0.59,5.2
2025-01-29,26238RMFS,ОФЗ-ПД,5950.0,50000.0,16.08,73562.707,49999.99,0.67969208909074,1.47,16.3
2025-01-29,26235RMFS,ОФЗ-ПД,2233.0,50000.0,16.82,36286.805,17605.994,0.48518997470292574,0.73,6.1
2025-01-22,26247RMFS,ОФЗ-ПД,5222.0,617231.312,17.04,55250.609,32951.12300000001,0.5963938424642524,0.09,14.3
2025-01-15,26245RMFS,ОФЗ-ПД,3906.0,453669.684,16.81,10013.661,4012.702,0.4007227726203234,0.02,10.7
2025-01-15,26248RMFS,ОФЗ-ПД,5600.0,603133.06,16.81,13466.167,5654.485,0.41990308006725297,0.02,15.3
2024-12-25,26242RMFS,ОФЗ-ПД,1708.0,71290.06,16.35,64959.445,50646.675,0.7796660670361332,0.91,4.7
2024-12-25,26247RMFS,ОФЗ-ПД,5250.0,640211.22,16.45,50315.12,16739.908,0.33270134305552684,0.08,14.4
2024-12-18,26246RMFS,ОФЗ-ПД,4102.0,635198.192,,12536.25,0.0,0.0,0.02,11.2
2024-12-18,52005RMFS,ОФЗ-ИН,3066.0,147260.62000095999,,6452.7528588800005,0.0,0.0,0.04,8.4
2024-12-11,29027RMFS,ОФЗ-ПК,4292.0,1000000.0,,1840139.677,999733.835,0.5432923638872225,1.84,11.8
2024-12-11,26248RMFS,ОФЗ-ПД,5635.0,615451.549,17.5,15060.904,12318.489,0.8179116605483973,0.02,15.4
2024-12-04,29026RMFS,ОФЗ-ПК,5022.0,1000000.0,,1588730.985,999999.999,0.6294331818548877,1.59,13.8
2024-12-04,26246RMFS,ОФЗ-ПД,4116.0,663154.246,17.49,33123.85,27956.054,0.843985647803622,0.05,11.3
2024-11-27,26245RMFS,ОФЗ-ПД,3955.0,458912.739,17.36,32712.494999999995,5243.055,0.16027683000027973,0.07,10.8
2024-11-20,26247RMFS,ОФЗ-ПД,5285.0,677736.334,17.32,50203.858,26025.114,0.5183887262210009,0.07,14.5
2024-11-13,26248RMFS,ОФЗ-ПД,5663.0,668538.766,16.950000000000003,72393.282,49107.217,0.6783394210529092,0.11,15.5
2024-11-13,26246RMFS,ОФЗ-ПД,4137.0,702998.742,16.84,65979.237,39844.496,0.6038944645570848,0.09,11.3
2024-11-06,26247RMFS,ОФЗ-ПД,5299.0,682597.65,17.630000000000003,23699.459,4861.316,0.20512350092042186,0.03,14.5
2024-11-06,29025RMFS,ОФЗ-ПК,4662.0,94539.662,,63351.633,0.0,0.0,0.67,12.8
2024-10-30,26243RMFS,ОФЗ-ПД,4949.0,39167.496,17.61,49468.376,39167.486,0.7917681793313773,1.26,13.6
2024-10-30,29025RMFS,ОФЗ-ПК,4669.0,94539.662,,55510.382,0.0,0.0,0.59,12.8
2024-10-23,26245RMFS,ОФЗ-ПД,3990.0,458912.739,,1665.161,0.0,0.0,0.0,10.9
2024-10-23,29025RMFS,ОФЗ-ПК,4676.0,94539.662,,51716.472,0.0,0.0,0.55,12.8
2024-10-16,26248RMFS,ОФЗ-ПД,5691.0,678110.394,17.06,13445.404,9571.628,0.7118884638944282,0.02,15.6
2024-10-16,26242RMFS,ОФЗ-ПД,1778.0,95349.051,18.43,34735.607,24058.991,0.6926319439300427,0.36,4.9
2024-10-09,29025RMFS,ОФЗ-ПК,4690.0,99540.638,,44109.943,5000.976,0.11337525419155495,0.44,12.8
2024-10-09,29024RMFS,ОФЗ-ПК,3843.0,6195.863,,3815.646,0.0,0.0,0.62,10.5
2024-10-02,26245RMFS,ОФЗ-ПД,4011.0,466402.461,16.650000000000002,9111.087,7489.722,0.8220448339479143,0.02,11.0
2024-10-02,29025RMFS,ОФЗ-ПК,4697.0,127257.341,0.0,97570.016,27716.703,0.2840698826983896,0.77,12.9
2024-09-25,26247RMFS,ОФЗ-ПД,5341.0,694853.561,16.53,45269.46,12228.411,0.27012495841567363,0.07,14.6
2024-09-25,29025RMFS,ОФЗ-ПК,4704.0,157906.343,,154925.759,30649.002,0.19783025235977705,0.98,12.9
2024-09-18,26246RMFS,ОФЗ-ПД,4193.0,714611.021,16.37,47729.925,11122.279,0.2330252771191239,0.07,11.5
2024-09-18,29025RMFS,ОФЗ-ПК,4711.0,210607.103,,225075.37,52700.76,0.23414716590269297,1.07,12.9
2024-09-11,29025RMFS,ОФЗ-ПК,4718.0,277785.514,,242230.645,67178.411,0.2773324200990341,0.87,12.9
2024-09-11,26248RMFS,ОФЗ-ПД,5726.0,708849.007,15.989999999999998,78712.488,30738.613,0.3905176139267762,0.11,15.7
2024-09-04,29025RMFS,ОФЗ-ПК,4725.0,315703.86,,123961.523,37918.346,0.3058880294654011,0.39,12.9
2024-09-04,26245RMFS,ОФЗ-ПД,4039.0,466402.461,,51815.807,0.0,0.0,0.11,11.1
2024-08-28,26247RMFS,ОФЗ-ПД,5369.0,718611.495,16.16,56560.221,23757.934,0.4200466967765208,0.08,14.7
2024-08-28,29025RMFS,ОФЗ-ПК,4732.0,352098.284,,242404.298,36394.424,0.15013935107701762,0.69,13.0
2024-08-21,26245RMFS,ОФЗ-ПД,4053.0,500000.0,15.989999999999998,54285.112,33597.539,0.6189089008419103,0.11,11.1
2024-08-21,29025RMFS,ОФЗ-ПК,4739.0,386149.233,,227151.071,34050.949,0.1499044175759136,0.59,13.0
2024-08-14,26248RMFS,ОФЗ-ПД,5754.0,735216.306,15.559999999999999,39918.784,26367.299,0.660523602121748,0.05,15.8
2024-08-14,26246RMFS,ОФЗ-ПД,4228.0,733543.123,15.459999999999999,56191.473,18932.102,0.33692126205696726,0.08,11.6
2024-08-07,29025RMFS,ОФЗ-ПК,4753.0,432620.177,,236657.122,46470.944,0.1963640206864343,0.55,13.0
2024-08-07,26247RMFS,ОФЗ-ПД,5390.0,735386.6,15.82,86468.529,16775.105,0.19400243295453773,0.12,14.8
2024-07-31,29025RMFS,ОФЗ-ПК,4760.0,470620.789,,218767.041,38000.612,0.1737035516241224,0.46,13.0
2024-07-24,29025RMFS,ОФЗ-ПК,4767.0,517147.6329999999,,219737.074,46526.844,0.21173870732437258,0.42,13.1
2024-07-24,26248RMFS,ОФЗ-ПД,5775.0,735216.306,,22600.987,0.0,0.0,0.03,15.8
2024-07-17,29025RMFS,ОФЗ-ПК,4774.0,533148.043,,220796.16,16000.409999999998,0.07246688529365727,0.41,13.1
2024-07-17,26246RMFS,ОФЗ-ПД,4256.0,733543.123,,20161.439,0.0,0.0,0.03,11.7
2024-07-10,29025RMFS,ОФЗ-ПК,4781.0,545749.162,,216664.941,12601.119,0.05815947398707205,0.4,13.1
2024-07-10,26247RMFS,ОФЗ-ПД,5418.0,750000.0,15.65,23160.053,14613.4,0.6309743764403303,0.03,14.8
2024-07-03,29025RMFS,ОФЗ-ПК,4788.0,599910.803,,192022.415,54161.641,0.2820589512948267,0.32,13.1
2024-07-03,26248RMFS,ОФЗ-ПД,5796.0,750000.0,15.479999999999999,42413.079,14783.694,0.348564507660479,0.06,15.9
2024-06-26,29025RMFS,ОФЗ-ПК,4795.0,645203.293,,261912.694,45292.49,0.17292972443710575,0.41,13.1
2024-06-26,26244RMFS,ОФЗ-ПД,3549.0,15869.072,15.340000000000002,45322.114,15869.063,0.3501395146748892,2.86,9.7
2024-06-19,26245RMFS,ОФЗ-ПД,4116.0,500000.0,,18763.547,0.0,0.0,0.04,11.3
2024-06-19,29025RMFS,ОФЗ-ПК,4802.0,665860.588,,248000.761,20657.295,0.08329528875921473,0.37,13.2
2024-05-22,26246RMFS,ОФЗ-ПД,4312.0,750000.0,14.299999999999999,34443.55,11156.877,0.32391774367044046,0.05,11.8
2024-05-15,26247RMFS,ОФЗ-ПД,5474.0,750000.0,,45327.959,0.0,0.0,0.06,15.0
2024-05-15,26226RMFS,ОФЗ-ПД,875.0,20000.0,,6041.786,0.0,0.0,0.3,2.4
2024-05-08,26242RMFS,ОФЗ-ПД,1939.0,167160.865,13.95,87041.937,71811.814,0.8250254587050377,0.52,5.3
2024-05-08,26244RMFS,ОФЗ-ПД,3598.0,31497.03,13.87,24474.524,15627.958,0.638539813889741,0.78,9.9
2024-04-24,26243RMFS,ОФЗ-ПД,5138.0,114950.258,13.750000000000002,108159.746,75782.762,0.7006558798686529,0.94,14.1
2024-04-17,26244RMFS,ОФЗ-ПД,3619.0,102666.417,13.8,119992.94,71169.387,0.5931131198218829,1.17,9.9
2024-04-17,26207RMFS,ОФЗ-ПД,1022.0,20000.0,13.530000000000001,21251.236,8944.191,0.42087862560088274,1.06,2.8
2024-04-10,26219RMFS,ОФЗ-ПД,889.0,20000.0,13.4,23212.206,7030.799,0.30289232311655345,1.16,2.4
2024-04-10,26244RMFS,ОФЗ-ПД,3626.0,170853.64,13.74,99859.767,50711.968,0.5078318278070887,0.58,9.9
2024-04-03,52005RMFS,ОФЗ-ИН,3325.0,139614.93260575,,10842.357134,0.0,0.0,0.08,9.1
2024-04-03,26242RMFS,ОФЗ-ПД,1974.0,255832.914,13.34,124476.861,54758.883,0.4399121455994942,0.49,5.4
2024-03-27,26226RMFS,ОФЗ-ПД,924.0,20000.0,13.25,25292.902,8877.915,0.35100420663473103,1.26,2.5
2024-03-27,26243RMFS,ОФЗ-ПД,5166.0,166482.112,13.55,79429.363,28258.06,0.35576339696945575,0.48,14.2
2024-03-20,26244RMFS,ОФЗ-ПД,3647.0,265947.828,13.44,113781.563,95094.188,0.835760957159641,0.43,10.0
2024-03-13,26243RMFS,ОФЗ-ПД,5180.0,3.0,13.15,86075.139,48969.121,0.5689113206079168,28691.71,14.2
2024-03-13,26219RMFS,ОФЗ-ПД,917.0,10000.0,,13834.049,0.0,0.0,1.38,2.5
2024-03-06,26244RMFS,ОФЗ-ПД,3661.0,338733.368,12.93,110487.513,72275.54,0.6541512071142374,0.33,10.0
2024-03-06,26207RMFS,ОФЗ-ПД,1064.0,10000.0,12.72,8507.372,5024.059,0.5905535810588747,0.85,2.9
2024-02-28,52005RMFS,ОФЗ-ИН,3360.0,147371.76174359,5.17,12322.626834939998,8943.8308339,0.7258055407910556,0.08,9.2
2024-02-28,26243RMFS,ОФЗ-ПД,5194.0,264317.34599999996,12.73,75476.732,43738.035,0.5794903123256582,0.29,14.2
2024-02-21,26244RMFS,ОФЗ-ПД,3675.0,413885.735,12.55,99920.003,53452.582,0.534953766964959,0.24,10.1
2024-02-21,26226RMFS,ОФЗ-ПД,959.0,10000.0,12.4,8871.27,5696.351,0.6421122342122378,0.89,2.6
2024-02-14,26243RMFS,ОФЗ-ПД,5208.0,334372.433,12.45,85686.811,69010.087,0.8053758354946831,0.26,14.3
2024-02-14,26219RMFS,ОФЗ-ПД,945.0,10000.0,12.16,16914.134,7060.35,0.4174230853320661,1.69,2.6
2024-02-07,26207RMFS,ОФЗ-ПД,1092.0,10000.0,12.02,15075.617,7845.463,0.5204074234573616,1.51,3.0
2024-02-07,26244RMFS,ОФЗ-ПД,3689.0,485360.415,12.24,91627.387,70720.797,0.7718303371458143,0.19,10.1
2024-01-31,26243RMFS,ОФЗ-ПД,5222.0,421071.529,12.2,117196.924,75049.616,0.6403718923544444,0.28,14.3
2024-01-31,26226RMFS,ОФЗ-ПД,980.0,10000.0,11.87,28686.948,3993.632,0.13921425172172378,2.87,2.7
2024-01-24,26244RMFS,ОФЗ-ПД,3703.0,548060.759,12.120000000000001,101212.729,62700.344,0.6194906966691907,0.18,10.1
2024-01-17,52005RMFS,ОФЗ-ИН,3402.0,145266.98182536004,,222.23247048,0.0,0.0,0.0,9.3
2024-01-17,26243RMFS,ОФЗ-ПД,5236.0,518124.785,12.280000000000001,137221.776,97053.256,0.7072729914237518,0.26,14.3
2023-12-20,26243RMFS,ОФЗ-ПД,5264.0,10000.0,12.0,24285.921,9999.989,0.4117607481305733,2.43,14.4
2023-12-13,26244RMFS,ОФЗ-ПД,3745.0,30000.0,12.3,54536.959,28131.282,0.5158205099041184,1.82,10.3
2023-12-13,52005RMFS,ОФЗ-ИН,3437.0,10452.0,4.22,11860.683978,10451.997909599999,0.8812306211839952,1.13,9.4
2023-12-06,26243RMFS,ОФЗ-ПД,5278.0,571501.658,12.11,68724.411,43376.884,0.6311714188427167,0.12,14.5
2023-11-29,26244RMFS,ОФЗ-ПД,3759.0,616787.609,11.82,84954.761,40595.568,0.4778492402562347,0.14,10.3
2023-11-22,26243RMFS,ОФЗ-ПД,5292.0,639043.055,11.85,135733.021,67541.397,0.4976047575040711,0.21,14.5
2023-11-15,52005RMFS,ОФЗ-ИН,3465.0,174614.29959687998,3.8,26520.421967379996,21059.58263398,0.7940892742914571,0.15,9.5
2023-11-15,26244RMFS,ОФЗ-ПД,3773.0,679351.436,11.99,144522.414,62563.827,0.4329005118887649,0.21,10.3
2023-11-08,26243RMFS,ОФЗ-ПД,5306.0,681360.636,12.18,101312.164,42317.581,0.41769496701304293,0.15,14.5
2023-11-01,26244RMFS,ОФЗ-ПД,3787.0,750000.0,12.5,110519.98,70648.564,0.6392379368870679,0.15,10.4
2023-11-01,26238RMFS,ОФЗ-ПД,6405.0,19455.899,12.5,65879.89,19455.886,0.29532359571335043,3.39,17.5
2023-10-25,29025RMFS,ОФЗ-ПК,5040.0,706588.493,,159224.396,40727.905,0.2557893515262573,0.23,13.8
2023-10-18,26243RMFS,ОФЗ-ПД,5327.0,683434.467,12.32,5003.406,2073.831,0.4144838535989284,0.01,14.6
2023-10-18,26238RMFS,ОФЗ-ПД,6419.0,28730.428,12.36,20558.559,9274.529,0.4511273868951613,0.72,17.6
2023-10-11,26241RMFS,ОФЗ-ПД,3325.0,50208.95,12.43,73472.366,50208.943,0.6833717999499295,1.46,9.1
2023-10-11,52005RMFS,ОФЗ-ИН,3500.0,183019.58612187998,3.38,31217.820452760003,9359.004260360001,0.29979685079303997,0.17,9.6
2023-10-04,29025RMFS,ОФЗ-ПК,5061.0,750000.0,,157565.149,43411.507,0.27551465076836246,0.21,13.9
2023-09-27,26243RMFS,ОФЗ-ПД,5348.0,683434.467,,10797.523,0.0,0.0,0.02,14.7
2023-09-27,52005RMFS,ОФЗ-ИН,3514.0,182543.57168966002,,1679.63734738,0.0,0.0,0.01,9.6
2023-09-20,26238RMFS,ОФЗ-ПД,6447.0,38134.37,11.84,15054.355,9403.942,0.6246658857187837,0.39,17.7
2023-09-20,26241RMFS,ОФЗ-ПД,3346.0,58104.196,11.899999999999999,84206.884,7895.246,0.09376010160879483,1.45,9.2
2023-09-13,29024RMFS,ОФЗ-ПК,4235.0,79207.117,,128851.294,73011.254,0.5666319035957839,1.63,11.6
2023-09-06,52005RMFS,ОФЗ-ИН,3535.0,182081.71382047998,,188.79049392,0.0,0.0,0.0,9.7
2023-09-06,26241RMFS,ОФЗ-ПД,3360.0,58104.196,,2515.457,0.0,0.0,0.04,9.2
2023-08-30,29024RMFS,ОФЗ-ПК,4249.0,135100.13,,185187.145,55893.013,0.3018190760487182,1.37,11.6
2023-08-30,26243RMFS,ОФЗ-ПД,5376.0,684943.127,11.360000000000001,3300.89,1508.66,0.45704643293172453,0.0,14.7
2023-08-23,52005RMFS,ОФЗ-ИН,3549.0,198072.74548152,3.1,19570.113073419998,16268.8542107,0.8313112014051801,0.1,9.7
2023-08-23,26238RMFS,ОФЗ-ПД,6475.0,51240.23,11.35,14706.987,13105.86,0.891131541763109,0.29,17.7
2023-08-23,26241RMFS,ОФЗ-ПД,3374.0,65467.072,11.34,25782.116,7362.876,0.28558074907428077,0.39,9.2
2023-08-09,29024RMFS,ОФЗ-ПК,4270.0,229398.421,,233932.611,94298.291,0.4031002372730324,1.02,11.7
2023-08-09,26243RMFS,ОФЗ-ПД,5397.0,684943.127,,10987.573,0.0,0.0,0.02,14.8
2023-08-02,26238RMFS,ОФЗ-ПД,6496.0,57076.604,11.21,11377.207,5836.374,0.5129882931724807,0.2,17.8
2023-08-02,26241RMFS,ОФЗ-ПД,3395.0,83191.707,11.06,24672.072,17724.635,0.7184088551622254,0.3,9.3
2023-08-02,52005RMFS,ОФЗ-ИН,3570.0,231468.94400322,3.11,42576.27218586,33814.55752626,0.7942113245294912,0.18,9.8
2023-07-26,26243RMFS,ОФЗ-ПД,5411.0,696507.024,11.110000000000001,20460.706,11563.897,0.5651758546357101,0.03,14.8
2023-07-26,29024RMFS,ОФЗ-ПК,4284.0,332408.733,,206587.456,103010.312,0.4986281064422421,0.62,11.7
2023-07-19,52005RMFS,ОФЗ-ИН,3584.0,238465.7261616,3.1,11423.04282924,7391.88823513,0.6471032583550068,0.05,9.8
2023-07-19,26241RMFS,ОФЗ-ПД,3409.0,92778.392,11.03,18705.523,9586.685,0.5125055845805541,0.2,9.3
2023-07-12,29024RMFS,ОФЗ-ПК,4298.0,503277.048,,383661.897,170868.315,0.44536170085193527,0.76,11.8
2023-07-12,26243RMFS,ОФЗ-ПД,5425.0,713566.379,11.110000000000001,30136.974,17059.355,0.566060646964755,0.04,14.9
2023-07-05,52005RMFS,ОФЗ-ИН,3598.0,241120.16726473,3.11,8712.26844826,3073.83620713,0.352816975898384,0.04,9.9
2023-07-05,26241RMFS,ОФЗ-ПД,3423.0,103118.045,10.8,24273.963,10339.653,0.4259565279884459,0.24,9.4
2023-07-05,26238RMFS,ОФЗ-ПД,6524.0,88157.069,11.110000000000001,37399.418,31080.465,0.8310414081844804,0.42,17.9
2023-06-28,29024RMFS,ОФЗ-ПК,4312.0,562286.499,,249801.143,59009.451,0.23622570453971062,0.44,11.8
2023-06-21,52005RMFS,ОФЗ-ИН,3612.0,262708.1796108,3.11,25396.8409695,22005.742822700002,0.8664755923434535,0.1,9.9
2023-06-21,26242RMFS,ОФЗ-ПД,2261.0,272676.912,10.2,26997.312,16843.998,0.6239138918719018,0.1,6.2
2023-06-21,26243RMFS,ОФЗ-ПД,5446.0,750000.0,10.96,59478.502,36433.621,0.6125510861050266,0.08,14.9
2023-06-14,26241RMFS,ОФЗ-ПД,3444.0,140441.113,10.68,55261.122,37323.068,0.6753946834449,0.39,9.4
2023-06-14,29024RMFS,ОФЗ-ПК,4326.0,631594.132,,117455.131,69307.633,0.590077525008252,0.19,11.9
2023-06-07,52005RMFS,ОФЗ-ИН,3626.0,288213.16583487997,3.11,26854.33450128,25953.17941216,0.9664428441122961,0.09,9.9
2023-06-07,26240RMFS,ОФЗ-ПД,4802.0,7463.107,10.81,9865.738,7463.1,0.7564664701211405,1.32,13.2
2023-06-07,26242RMFS,ОФЗ-ПД,2275.0,297931.863,10.11,48647.879,25254.951,0.5191377613811282,0.16,6.2
2023-05-31,29024RMFS,ОФЗ-ПК,4340.0,674499.441,,144980.292,42905.309,0.2959389059583354,0.21,11.9
2023-05-31,26238RMFS,ОФЗ-ПД,6559.0,107563.171,10.870000000000001,30592.505,19406.102,0.6343417121285099,0.28,18.0
2023-05-24,26240RMFS,ОФЗ-ПД,4816.0,11506.764,10.77,12475.124,4043.6569999999997,0.3241376197944004,1.08,13.2
2023-05-24,26242RMFS,ОФЗ-ПД,2289.0,357497.652,10.08,70605.408,59565.789,0.8436434359249082,0.2,6.3
2023-05-17,26238RMFS,ОФЗ-ПД,6573.0,113640.768,10.83,12492.647,6077.597,0.48649393519243755,0.11,18.0
2023-05-17,26241RMFS,ОФЗ-ПД,3472.0,181529.107,10.59,58890.297,41087.994,0.6977039698067747,0.32,9.5
2023-05-17,52005RMFS,ОФЗ-ИН,3647.0,324760.44822099997,3.11,43366.4951225,37371.023559,0.8617487637272918,0.13,10.0
2023-05-03,26240RMFS,ОФЗ-ПД,4837.0,34795.356,10.81,36643.413,23288.592,0.635546475979189,1.05,13.3
2023-05-03,29024RMFS,ОФЗ-ПК,4368.0,750000.0,,260744.458,75500.559,0.2895576748940911,0.35,12.0
2023-04-26,26238RMFS,ОФЗ-ПД,6594.0,125832.495,10.85,16396.863,12191.727,0.7435402125394351,0.13,18.1
2023-04-26,26241RMFS,ОФЗ-ПД,3493.0,229796.266,10.65,69661.245,48267.159,0.6928839557777069,0.3,9.6
2023-04-19,52005RMFS,ОФЗ-ИН,3675.0,340879.65249872004,3.1,25963.64377216,17913.743666559996,0.6899549163345223,0.08,10.1
2023-04-19,26242RMFS,ОФЗ-ПД,2324.0,392942.955,10.25,58952.263,35445.303,0.6012543233497245,0.15,6.4
2023-04-12,52005RMFS,ОФЗ-ИН,3682.0,345355.39616024995,3.1,18938.59331945,5147.61730805,0.2718056838341515,0.05,10.1
2023-04-12,26241RMFS,ОФЗ-ПД,3507.0,261117.96599999996,10.639999999999999,46808.297,31321.7,0.6691484631453266,0.18,9.6
2023-04-05,26240RMFS,ОФЗ-ПД,4865.0,41004.358,10.79,17291.341,6209.002,0.35908157730508006,0.42,13.3
2023-04-05,26242RMFS,ОФЗ-ПД,2338.0,463483.408,10.190000000000001,95331.44,70540.453,0.7399495171792222,0.21,6.4
2023-03-29,26241RMFS,ОФЗ-ПД,3521.0,291786.468,10.56,75597.509,30668.502,0.40568138296726153,0.26,9.6
2023-03-29,26238RMFS,ОФЗ-ПД,6622.0,154709.857,10.780000000000001,44777.68,28877.362,0.644905274234842,0.29,18.1
2023-03-22,52005RMFS,ОФЗ-ИН,3703.0,343415.52463515,,2852.78075885,0.0,0.0,0.01,10.1
2023-03-22,26242RMFS,ОФЗ-ПД,2352.0,478816.871,10.190000000000001,32709.940000000002,15333.463,0.468770746751599,0.07,6.4
2023-03-15,26238RMFS,ОФЗ-ПД,6636.0,190583.174,10.77,48252.329,35873.317,0.7434525492023402,0.25,18.2
2023-03-15,52005RMFS,ОФЗ-ИН,3710.0,350087.50000000006,3.09,15140.660219,7268.33162875,0.48005381031066124,0.04,10.2
2023-03-15,26241RMFS,ОФЗ-ПД,3535.0,330627.963,10.57,65233.253000000004,38841.495,0.5954247751526357,0.2,9.7
2023-03-01,26238RMFS,ОФЗ-ПД,6650.0,220989.59,10.780000000000001,43094.115,30406.416,0.705581632201984,0.2,18.2
2023-03-01,26241RMFS,ОФЗ-ПД,3549.0,350989.944,10.54,59135.763,20361.981,0.34432600455328527,0.17,9.7
2023-02-22,26242RMFS,ОФЗ-ПД,2380.0,486069.786,10.05,51839.741,7252.915,0.13991032478345136,0.11,6.5
2023-02-22,26240RMFS,ОФЗ-ПД,4907.0,41004.358,,14390.46,0.0,0.0,0.35,13.4
2023-02-15,26238RMFS,ОФЗ-ПД,6664.0,262228.469,10.7,84768.595,41238.879,0.48648770219678644,0.32,18.3
2023-02-15,26241RMFS,ОФЗ-ПД,3563.0,396559.931,10.5,78983.83,45569.987,0.5769533713419569,0.2,9.8
2023-02-15,52004RMFS,ОФЗ-ИН,3318.0,47054.25126516,3.3300000000000005,66178.6974687,47054.25010558,0.7110180753834701,1.41,9.1
2023-02-08,26242RMFS,ОФЗ-ПД,2394.0,493504.19,9.83,20250.054,7434.404,0.36713008271484115,0.04,6.6
2023-02-08,26240RMFS,ОФЗ-ПД,4921.0,73513.965,10.57,64940.80099999999,32509.607000000004,0.5006037267695544,0.88,13.5
2023-02-01,26238RMFS,ОФЗ-ПД,6678.0,332755.703,10.52,97324.472,70527.234,0.7246608437803803,0.29,18.3
2023-02-01,26241RMFS,ОФЗ-ПД,3577.0,450391.055,10.34,110578.026,53831.124,0.48681574402494765,0.25,9.8
2023-02-01,52004RMFS,ОФЗ-ИН,3332.0,62839.78659414,3.3300000000000005,70825.02438844,15873.59111232,0.22412404724721668,1.13,9.1
2023-01-25,26240RMFS,ОФЗ-ПД,4935.0,129083.71800000001,10.48,87777.165,55569.753,0.6330775549654628,0.68,13.5
2023-01-25,26242RMFS,ОФЗ-ПД,2408.0,500000.0,9.93,65425.602999999996,6495.81,0.09928544334547441,0.13,6.6
2023-01-18,52004RMFS,ОФЗ-ИН,3346.0,99112.89887799999,3.32,106927.6430824,36327.9486724,0.3397432845724015,1.08,9.2
2023-01-18,26239RMFS,ОФЗ-ПД,3108.0,29660.182,10.18,51470.635,29660.176,0.5762543244317851,1.74,8.5
2023-01-18,26238RMFS,ОФЗ-ПД,6692.0,373731.189,10.41,70218.231,40975.486,0.5835448346740606,0.19,18.3
2023-01-11,26240RMFS,ОФЗ-ПД,4949.0,150689.895,10.33,62678.964,21606.177,0.3447117760274404,0.42,13.6
2023-01-11,26241RMFS,ОФЗ-ПД,3598.0,469258.29199999996,10.25,66528.821,18867.237,0.2835949400035212,0.14,9.9
2022-12-21,29023RMFS,ОФЗ-ПК,4263.0,250000.0,,437502.766,249999.994,0.5714249450025192,1.75,11.7
2022-12-21,26241RMFS,ОФЗ-ПД,3619.0,553808.581,10.209999999999999,138822.729,84550.289,0.6090522035480228,0.25,9.9
2022-12-21,26237RMFS,ОФЗ-ПД,2275.0,83144.933,9.92,33880.552,2263.952,0.06682157953034532,0.41,6.2
2022-12-14,52004RMFS,ОФЗ-ИН,3381.0,110540.96849597999,3.32,11747.47640616,11557.48891693,0.9838273785227288,0.11,9.3
2022-12-14,29022RMFS,ОФЗ-ПК,3871.0,250000.0,,524458.042,250000.0,0.47668255604706694,2.1,10.6
2022-12-14,26241RMFS,ОФЗ-ПД,3626.0,644051.476,10.14,287516.345,90242.895,0.31387048621531416,0.45,9.9
2022-12-07,29023RMFS,ОФЗ-ПК,4277.0,750000.0,,910741.42,750000.0,0.823504875840609,1.21,11.7
2022-12-07,26237RMFS,ОФЗ-ПД,2289.0,112021.027,9.87,247751.717,28876.094,0.11655254845317581,2.21,6.3
2022-12-07,52004RMFS,ОФЗ-ИН,3388.0,140429.71910125,3.3300000000000005,39890.52119375,29902.15078675,0.7496054173249317,0.28,9.3
2022-11-30,52004RMFS,ОФЗ-ИН,3395.0,157111.51670874,3.3300000000000005,19370.58137991,16698.82307679,0.862071341550389,0.12,9.3
2022-11-30,29021RMFS,ОФЗ-ПК,2919.0,150885.3,,210198.521,150885.3,0.7178228432920324,1.39,8.0
2022-11-30,26241RMFS,ОФЗ-ПД,3640.0,696028.681,10.100000000000001,262670.50899999996,51977.205,0.19787986553145945,0.38,10.0
2022-11-23,52004RMFS,ОФЗ-ИН,3402.0,167986.91566974,3.3300000000000005,17184.84767856,10683.53570106,0.6216834679535096,0.1,9.3
2022-11-23,29021RMFS,ОФЗ-ПК,2926.0,224358.831,,403517.293,73473.531,0.18208273170587513,1.8,8.0
2022-11-23,26240RMFS,ОФЗ-ПД,4998.0,233242.144,10.299999999999999,248867.993,82552.249,0.33171099266268445,1.07,13.7
2022-11-16,26241RMFS,ОФЗ-ПД,3654.0,750000.0,10.2,253884.256,53971.319,0.2125823784835244,0.34,10.0
2022-11-16,29022RMFS,ОФЗ-ПК,3899.0,750000.0,,904365.239,750000.0,0.8293109549735801,1.21,10.7
2022-11-16,52004RMFS,ОФЗ-ИН,3409.0,187243.14183136,3.3300000000000005,37065.38053728,19049.879022079997,0.5139534181476921,0.2,9.3
2022-11-09,52004RMFS,ОФЗ-ИН,3416.0,194604.8553988,3.36,20273.239424900003,7133.612905649999,0.35187336153532284,0.1,9.4
2022-11-09,29021RMFS,ОФЗ-ПК,2940.0,242995.452,,208972.249,18636.621,0.0891822770209072,0.86,8.1
2022-11-09,26237RMFS,ОФЗ-ПД,2317.0,128216.375,10.31,307846.235,16195.348,0.052608562843070014,2.4,6.3
2022-11-02,52004RMFS,ОФЗ-ИН,3423.0,205895.1043613,3.36,19198.2768978,11053.46866642,0.5757531639564308,0.09,9.4
2022-11-02,29021RMFS,ОФЗ-ПК,2947.0,351419.738,,173991.406,108424.286,0.6231588587771973,0.5,8.1
2022-11-02,26240RMFS,ОФЗ-ПД,5019.0,280740.701,10.9,132712.801,47498.557,0.35790486405301625,0.47,13.8
2022-10-26,29021RMFS,ОФЗ-ПК,2954.0,475000.005,,218699.11,123580.267,0.5650698212717922,0.46,8.1
2022-10-26,52004RMFS,ОФЗ-ИН,3430.0,239381.44217592,3.32,41432.38616814,33285.81252897,0.8033766723907776,0.17,9.4
2022-10-26,26237RMFS,ОФЗ-ПД,2331.0,148903.277,9.89,76455.669,20686.902,0.2705738144806502,0.51,6.4
2022-10-19,26239RMFS,ОФЗ-ПД,3199.0,25000.0,10.0,31427.171,24999.991,0.7954897053890089,1.26,8.8
2022-10-19,29021RMFS,ОФЗ-ПК,2961.0,25000.0,,76731.689,24999.995,0.3258105656973092,3.07,8.1
2022-09-21,26240RMFS,ОФЗ-ПД,5061.0,10000.0,,1540.172,0.0,0.0,0.15,13.9
2022-09-21,26237RMFS,ОФЗ-ПД,2366.0,20000.0,,28932.329,0.0,0.0,1.45,6.5
2022-09-14,26239RMFS,ОФЗ-ПД,3234.0,10000.0,8.98,24846.339,9999.997,0.4024736602040244,2.48,8.9
2022-02-09,52004RMFS,ОФЗ-ИН,3689.0,216543.78647351998,3.26,8721.88317,4122.36,0.47264563393595654,0.04,10.1
2022-02-09,26240RMFS,ОФЗ-ПД,5285.0,301397.789,9.39,76201.407,20657.088,0.271085388226493,0.25,14.5
2022-02-02,26237RMFS,ОФЗ-ПД,2597.0,223636.906,9.6,102923.91,74733.629,0.7261056153035772,0.46,7.1
2022-01-12,26237RMFS,ОФЗ-ПД,2618.0,240161.275,8.94,37971.427,16524.369,0.43517903606835734,0.16,7.2
2022-01-12,52004RMFS,ОФЗ-ИН,3717.0,226463.49560972,3.11,26280.07586041,12041.884049,0.45821344325495916,0.12,10.2
2021-12-22,26239RMFS,ОФЗ-ПД,3500.0,20000.0,8.49,37037.569,19999.992,0.5399920280945004,1.85,9.6
2021-12-22,26238RMFS,ОФЗ-ПД,7084.0,20000.0,8.45,24897.713,19999.99,0.8032862295424484,1.24,19.4
2021-12-15,26240RMFS,ОФЗ-ПД,5341.0,20000.0,8.61,10821.099,9632.418,0.8901515456054879,0.54,14.6
2021-12-15,26237RMFS,ОФЗ-ПД,2646.0,30000.0,8.72,42335.943,15689.11,0.37058605261255195,1.41,7.2
2021-12-08,26239RMFS,ОФЗ-ПД,3514.0,30000.0,8.6,53498.184,29999.989,0.5607664925598222,1.78,9.6
2021-12-01,26240RMFS,ОФЗ-ПД,5355.0,20000.0,8.38,14186.3,13150.157,0.92696171658572,0.71,14.7
2021-12-01,26237RMFS,ОФЗ-ПД,2660.0,20000.0,8.559999999999999,48541.267,19999.991,0.41202037433427524,2.43,7.3
2021-11-17,52004RMFS,ОФЗ-ИН,3773.0,10093.1,3.08,9768.858153189998,1308.57546155,0.13395377853067583,0.97,10.3
2021-11-17,26239RMFS,ОФЗ-ПД,3535.0,20000.0,8.27,43475.161,19999.989,0.460032545940428,2.17,9.7
2021-11-10,26240RMFS,ОФЗ-ПД,5376.0,20000.0,8.03,34571.659,19999.995,0.5785083961403182,1.73,14.7
2021-11-10,26239RMFS,ОФЗ-ПД,3542.0,20000.0,8.02,87657.643,19999.986,0.2281602073192865,4.38,9.7
2021-10-27,52004RMFS,ОФЗ-ИН,3794.0,10079.4,3.06,16774.439862000003,6840.96135168,0.4078205536494354,1.66,10.4
2021-10-20,26239RMFS,ОФЗ-ПД,3563.0,20000.0,7.62,38993.648,19999.988,0.5129037426813722,1.95,9.8
2021-10-13,52004RMFS,ОФЗ-ИН,3808.0,10065.4,3.1,25330.0572065,10065.39899346,0.39736976949570785,2.52,10.4
2021-10-13,26237RMFS,ОФЗ-ПД,2709.0,10000.0,7.57,30121.18,9999.993,0.331992073351708,3.01,7.4
2021-10-06,52004RMFS,ОФЗ-ИН,3815.0,10058.400000000001,3.11,28857.807095039996,10058.39597664,0.3485502534379617,2.87,10.5
2021-09-22,25085RMFS,ОФЗ-ПД,1463.0,15000.0,7.139999999999999,38068.729,15000.0,0.3940241871484598,2.54,4.0
2021-09-15,26239RMFS,ОФЗ-ПД,3598.0,220149.681,7.200000000000001,68284.981,45489.567,0.6661723608006862,0.31,9.9
2021-09-15,26238RMFS,ОФЗ-ПД,7182.0,411655.282,7.5,26303.598,17924.103,0.6814316049081953,0.06,19.7
2021-09-08,26240RMFS,ОФЗ-ПД,5439.0,355968.805,7.429999999999999,31577.142,11788.446,0.3733221328263337,0.09,14.9
2021-09-01,26239RMFS,ОФЗ-ПД,3612.0,287592.947,7.13,137355.727,67443.26599999999,0.4910116780205312,0.48,9.9
2021-09-01,26238RMFS,ОФЗ-ПД,7196.0,436379.136,7.42,36339.121,24723.854,0.6803646681492378,0.08,19.7
2021-08-25,26240RMFS,ОФЗ-ПД,5453.0,405221.564,7.400000000000001,57452.243,49252.759,0.8572817426814824,0.14,14.9
2021-08-25,26237RMFS,ОФЗ-ПД,2758.0,343509.689,7.109999999999999,127858.65,57659.32,0.45096143280098766,0.37,7.6
2021-08-18,26238RMFS,ОФЗ-ПД,7210.0,467683.835,7.35,43138.59,31304.699,0.7256773807396116,0.09,19.8
2021-08-18,26239RMFS,ОФЗ-ПД,3626.0,381971.089,7.090000000000001,188080.096,94378.142,0.5017976064835697,0.49,9.9
2021-08-11,26240RMFS,ОФЗ-ПД,5467.0,459847.62,7.37,66228.266,54626.056,0.8248148305740028,0.14,15.0
2021-08-11,26237RMFS,ОФЗ-ПД,2772.0,399461.637,7.16,107594.577,55951.948,0.5200257258318883,0.27,7.6
2021-08-04,26238RMFS,ОФЗ-ПД,7224.0,487532.887,7.31,41703.299,19849.052,0.475958796449173,0.09,19.8
2021-08-04,26239RMFS,ОФЗ-ПД,3640.0,437399.949,7.12,103332.161,55428.86,0.5364144082886257,0.24,10.0
2021-07-28,26237RMFS,ОФЗ-ПД,2786.0,470000.001,7.03,96406.133,70538.364,0.7316792179601271,0.21,7.6
2021-07-28,26240RMFS,ОФЗ-ПД,5481.0,495833.65,7.23,62145.363,35986.03,0.579062190046263,0.13,15.0
2021-07-21,26239RMFS,ОФЗ-ПД,3654.0,20000.0,7.32,58071.431,19999.952,0.3444026030631138,2.9,10.0
2021-07-14,26240RMFS,ОФЗ-ПД,5495.0,10000.0,7.41,7663.95,4166.35,0.5436295904853242,0.77,15.1
2021-07-14,26237RMFS,ОФЗ-ПД,2800.0,10000.0,7.28,19978.086,9999.999,0.5005484008828474,2.0,7.7
2021-07-07,26238RMFS,ОФЗ-ПД,7252.0,10000.0,7.42,8595.668,5435.165,0.6323144402506007,0.86,19.9
2021-07-07,26239RMFS,ОФЗ-ПД,3668.0,10000.0,7.35,18124.544,10000.0,0.551738018898572,1.81,10.0
2021-06-30,26239RMFS,ОФЗ-ПД,3675.0,30000.0,7.31,27930.036,8489.044,0.3039396010803566,0.93,10.1
2021-06-30,26240RMFS,ОФЗ-ПД,5509.0,20000.0,,6771.821,0.0,0.0,0.34,15.1
2021-06-23,26238RMFS,ОФЗ-ПД,7266.0,30000.0,7.290000000000001,19457.04,7031.948,0.3614089296213607,0.65,19.9
2021-06-23,26237RMFS,ОФЗ-ПД,2821.0,20000.0,7.12,30063.579,20000.0,0.6652567879559516,1.5,7.7
2021-06-16,26239RMFS,ОФЗ-ПД,3689.0,30000.0,7.31,44870.084,24111.055,0.5373525710359713,1.5,10.1
2021-06-09,52003RMFS,ОФЗ-ИН,3325.0,20863.0,2.76,38936.78693345,20862.995827400002,0.5358170889410734,1.87,9.1
2021-06-09,26235RMFS,ОФЗ-ПД,3563.0,77170.728,7.39,147998.921,60987.231,0.4120788894129843,1.92,9.8
2021-06-02,26235RMFS,ОФЗ-ПД,3570.0,20000.0,7.249999999999999,82640.113,19999.993,0.24201313713111694,4.13,9.8
2021-06-02,26234RMFS,ОФЗ-ПД,1505.0,40240.387,6.68,51526.603,33447.772999999994,0.6491360006791054,1.28,4.1
2021-05-26,26235RMFS,ОФЗ-ПД,3577.0,30000.0,7.23,89486.685,29999.989,0.33524528258030795,2.98,9.8
2021-05-26,26233RMFS,ОФЗ-ПД,5166.0,10008.756,7.2700000000000005,32707.953000000005,10008.751,0.3060035887907751,3.27,14.2
2021-05-19,52003RMFS,ОФЗ-ИН,3346.0,15568.199999999999,2.7,36238.010920199995,15568.19377272,0.42960950056013947,2.33,9.2
2021-05-19,26230RMFS,ОФЗ-ПД,6510.0,7819.167,7.31,20112.477,7819.163,0.388771755960243,2.57,17.8
2021-05-19,26236RMFS,ОФЗ-ПД,2555.0,24591.709,7.01,34543.127,24591.704,0.7119130818700925,1.4,7.0
2021-05-12,26233RMFS,ОФЗ-ПД,5180.0,30391.681,7.290000000000001,30789.183,20382.925,0.6620157800224838,1.01,14.2
2021-05-12,26235RMFS,ОФЗ-ПД,3591.0,25000.0,7.19,30230.887,24999.997,0.8269686893408057,1.21,9.8
2021-04-28,26235RMFS,ОФЗ-ПД,3605.0,25000.0,7.12,51167.672,9711.354,0.1897947203851682,2.05,9.9
2021-04-28,26233RMFS,ОФЗ-ПД,5194.0,25000.0,7.23,24552.999,19697.967,0.8022631777079452,0.98,14.2
2021-04-21,52003RMFS,ОФЗ-ИН,3374.0,10308.3,2.75,22810.565999669998,4812.228843149999,0.2109649029848544,2.21,9.2
2021-04-21,26236RMFS,ОФЗ-ПД,2583.0,20000.0,7.07,83703.326,19999.992,0.2389390357080912,4.19,7.1
2021-04-14,26235RMFS,ОФЗ-ПД,3619.0,374896.066,7.23,251515.16,213014.005,0.846923123838738,0.67,9.9
2021-04-14,26236RMFS,ОФЗ-ПД,2590.0,215323.745,7.08,259124.284,170732.044,0.6588809098262669,1.2,7.1
2021-04-07,26235RMFS,ОФЗ-ПД,3626.0,429584.36,7.31,73408.299,54688.294,0.7449878929901373,0.17,9.9
2021-04-07,26233RMFS,ОФЗ-ПД,5215.0,87401.962,7.429999999999999,47048.529,37312.314,0.7930601613495716,0.54,14.3
2021-03-31,26233RMFS,ОФЗ-ПД,5222.0,241493.041,7.2700000000000005,216640.951,154091.079,0.711274014856037,0.9,14.3
2021-03-31,26236RMFS,ОФЗ-ПД,2604.0,416223.502,7.06,243652.794,200899.757,0.8245329499484418,0.59,7.1
2021-03-17,26234RMFS,ОФЗ-ПД,1582.0,30000.0,6.370000000000001,39419.882,30000.0,0.7610372857026817,1.31,4.3
2021-03-17,26235RMFS,ОФЗ-ПД,3647.0,20000.0,6.98,35330.085,19999.994,0.5660896088984785,1.77,10.0
2021-03-17,52003RMFS,ОФЗ-ИН,3409.0,10222.4,2.64,22405.28560592,10222.39897776,0.4562494385279786,2.19,9.3
2021-03-10,26236RMFS,ОФЗ-ПД,2625.0,426200.317,6.69,42633.204,9976.815,0.2340151352452891,0.1,7.2
2021-03-10,26233RMFS,ОФЗ-ПД,5243.0,274751.194,7.02,43010.333,33258.153,0.7732596025238865,0.16,14.4
2021-03-03,26234RMFS,ОФЗ-ПД,1596.0,160119.436,6.17,152382.491,89879.049,0.5898253034858184,0.95,4.4
2021-03-03,52003RMFS,ОФЗ-ИН,3423.0,97236.41196325001,2.6100000000000003,40672.244534599995,14253.32707456,0.3504435822919646,0.42,9.4
2021-02-17,26236RMFS,ОФЗ-ПД,2646.0,468434.941,6.63,86392.47,42234.624,0.4888692729817773,0.18,7.2
2021-02-17,26233RMFS,ОФЗ-ПД,5264.0,314004.865,7.12,72401.386,39253.671,0.5421673971821479,0.23,14.4
2021-02-10,52003RMFS,ОФЗ-ИН,3444.0,10130.699999999999,2.5100000000000002,14563.86595404,4345.69445103,0.29838879764095255,1.44,9.4
2021-02-10,26234RMFS,ОФЗ-ПД,1617.0,176325.515,5.7,73686.806,16206.078999999998,0.21993189662746407,0.42,4.4
2021-02-10,26235RMFS,ОФЗ-ПД,3682.0,478430.468,6.5,47656.357,28846.114,0.6052941478510412,0.1,10.1
2021-02-03,26236RMFS,ОФЗ-ПД,2660.0,468434.941,,11943.35,0.0,0.0,0.03,7.3
2021-02-03,26233RMFS,ОФЗ-ПД,5278.0,323728.46,6.87,24858.106,9723.595,0.39116395271626886,0.08,14.5
2021-02-03,52003RMFS,ОФЗ-ИН,3451.0,10113.0,2.49,26271.6009537,10112.993932200001,0.3849401469679267,2.6,9.5
2021-01-27,52003RMFS,ОФЗ-ИН,3458.0,120817.30948560001,2.45,33848.190394200006,9942.2708658,0.2937312379188117,0.28,9.5
2021-01-20,26234RMFS,ОФЗ-ПД,1638.0,20000.0,5.57,38969.669,19999.995,0.5132195246513384,1.95,4.5
2021-01-13,52003RMFS,ОФЗ-ИН,3472.0,141594.30167104,2.41,33571.2138384,21009.034142080003,0.6258050198366403,0.24,9.5
2021-01-13,26236RMFS,ОФЗ-ПД,2681.0,478585.398,5.91,15300.929,10150.457,0.6633882818487689,0.03,7.3
